{
    "Analysis": {
    },
    "Damage & Loss": {
        "Pelicun3": {
            "citations": [
                {
                    "citation": "Adam Zsarnoczay, John Vouvakis Manousakis, Jinyan Zhao, Kuanshi Zhong, Pouria Kourehpaz (2024). NHERI-SimCenter/pelicun: v3.3. Zenodo. https://doi.org/10.5281/zenodo.10896145",
                    "description": "This reference indicates the version of the tool used for the simulation."
                },
                {
                    "citation": "Adam Zsarnoczay, Gregory G. Deierlein, PELICUN - A Computational Framework for Estimating Damage, Loss, and Community Resilience, Proceedings of the 17th World Conference on Earthquake Engineering, Japan, 2020",
                    "description": "This paper describes the Pelicun damage and loss assessment framework. Please reference it if your work results from using the Pelicun engine in the SimCenter tools."
                }
            ]
        }
    },
    "Model": {
    },
    "UQ": {
    }
}
